text,url,by,age,icon
Using StreamBuilder in Flutter,https://medium.com/@sidky/using-streambuilder-in-flutter-dcc2d89c2eae,Manzurur Rahman Khan,Jan 2,https://miro.medium.com/fit/c/240/240/1*ar58OUwh0QjXNk776p0USQ.jpeg
Simple JSON with Flutter,https://flutter.institute/simple-json-with-flutter/,Brian Armstrong,Jan 3,https://flutter.institute/content/images/2017/11/flutterinstitute.png
Flutter hands on: Building a News App,https://blog.geekyants.com/flutter-hands-on-building-a-news-app-fe233027185f,Ankur Kedia,Dec 26 2017,https://cdn-images-1.medium.com/max/140/1*rSGF7OBUjv3Ac2kP_cSjtA@2x.png
Using Flutter’s InheritedWidget to hold app state,https://medium.com/@chemamolins/is-flutters-inheritedwidget-a-good-fit-to-hold-app-state-2ec5b33d023e,Chema Molins,Jan 6,https://cdn-images-1.medium.com/max/1600/1*emiGsBgJu2KHWyjluhKXQw.png
Flutter with Dart 2,https://flutter.institute/flutter-with-dart-2/,Brian Armstrong,Jan 29,https://flutter.institute/content/images/2017/11/flutterinstitute.png
Sharing Location using Inherited Widget,https://flutter.institute/sharing-location-using-inherited-widget/,Brian Armstrong,Sep 4,https://flutter.institute/content/images/2017/11/flutterinstitute.png
Building a Tic Tac Toe Game From Scratch,https://www.youtube.com/watch?v=u1KD6Kz0PIQ&feature=youtu.be,Pawan Kumar,Apr 10,https://yt3.ggpht.com/a-/AN66SAxuEvSSfBReiVneDHo92dguewHYgiymQOs6Yg=s288-mo-c-c0xffffffff-rj-k-no
Flutter Challenge: Weather Forecast with Rain,https://www.youtube.com/watch?v=GFRfSM4yA9U&t=6s,Fluttery,Apr 19,https://yt3.ggpht.com/a-/AN66SAzxc6palncqXWcOMUMakezA1bRemaJucxTIvw=s288-mo-c-c0xffffffff-rj-k-no
Testing Flutter Applications,https://proandroiddev.com/testing-flutter-applications-f961969da86a,Muhammed Salih Guler,Apr 18,https://cdn-images-1.medium.com/max/800/1*kgkF2RMSqGTU98NkJa79dA.png
Build reactive mobile apps in Flutter,https://medium.com/flutter-io/build-reactive-mobile-apps-in-flutter-companion-article-13950959e381,Filip Hracek,Jun 01,https://cdn-images-1.medium.com/fit/c/120/120/1*dZx7Dxmr4VXmjc5U8yDf3w.jpeg
How to parse JSON in Dart / Flutter,http://cogitas.net/parse-json-dart-flutter/,"
Natalie Masse Hooper",Nov 2 2017,https://i0.wp.com/cogitas.net/blog/wp-content/uploads/2018/01/nat2_400x400.jpg?w=840
Parsing complex JSON in Flutter,https://medium.com/flutter-community/parsing-complex-json-in-flutter-747c46655f51,Poojã Bhaumik,Jul 08,https://miro.medium.com/fit/c/240/240/0*9mhqcxEO8tCfpYiK.
Widget — State — BuildContext — InheritedWidget,https://medium.com/flutter-community/widget-state-buildcontext-inheritedwidget-898d671b7956,Didier Boelens,Aug 6,https://miro.medium.com/fit/c/240/240/1*cMzGN_aTVjB6S3-6LGw3xQ.jpeg